Sample,Cohort,Ploidy_factor.MESOMICS,Morphology_factor.MESOMICS,Adaptive-response_factor.MESOMICS,CIMP-index_factor.MESOMICS,LF5.MESOMICS,LF6.MESOMICS,LF7.MESOMICS,LF8.MESOMICS,LF9.MESOMICS,LF10.MESOMICS
MESO_001_T,MESOMICS,0.45098901,-0.505554958,-0.146773428,-1.04108277,-0.334231331,0.274430438,0.165816066,0.06848981,0.532096671,0.012010471
MESO_002_T2,MESOMICS,-0.37990731,-1.597689175,1.0533992,-1.9039541,-0.37614432,0.162492533,0.170217228,-0.464413888,0.381316619,0.507672911
MESO_003_T2,MESOMICS,-0.347581165,-0.154642142,-0.777951914,-1.899639599,0.531652614,-0.534270367,0.032287455,0.288761335,-1.288745808,1.014317625
MESO_006_T,MESOMICS,-0.540197796,0.770988661,-2.580185429,2.358453506,0.650983927,-2.576458494,-0.883409387,0.344046326,-0.284019697,-2.329982523
MESO_007_T,MESOMICS,5.367227559,2.529942392,-0.872023601,-1.766620766,0.374115668,-1.777550943,-0.800038569,0.469309987,-3.085931206,-0.381148838
MESO_009_T,MESOMICS,0.269630062,0.238647669,0.299433494,-1.596911298,-0.770070129,-0.980692596,-0.190043848,0.108327834,-0.00476306,-0.11699108
MESO_010_T,MESOMICS,-0.160541775,0.648004061,-1.689891611,-0.74519351,2.185284889,-0.661890612,1.351894541,-0.670781343,-1.631181687,-0.276527266
MESO_011_T,MESOMICS,-0.63112698,0.819021492,-1.502630122,-1.370938584,0.645642326,-0.986250822,-0.106422104,-0.138046536,-1.778826064,1.641172854
MESO_012_T,MESOMICS,-0.406526458,-0.123958483,2.427155565,-1.362153995,-0.795497164,0.230775759,0.101884383,-0.429647449,0.367760861,0.037165512
MESO_013_T,MESOMICS,-1.090156602,1.442228397,-1.868689032,0.10357305,0.637708076,-0.159276416,-1.420484545,0.196669608,-0.112280367,1.573405421
MESO_014_T,MESOMICS,3.959926261,0.565335033,-1.24376592,-0.19924939,0.195691125,-0.062664382,1.327838904,0.380454692,1.734230357,-1.019209491
MESO_015_T,MESOMICS,-0.545577527,1.913064963,-0.874476063,-1.24113093,1.424840429,-0.667754697,0.645731449,-0.354857615,0.629761938,-0.257617285
MESO_016_T,MESOMICS,-0.970925693,2.551208763,-0.913592888,1.572837261,-0.434858474,-0.54385496,-0.913518545,1.397543234,0.42658727,-0.178997476
MESO_017_T,MESOMICS,-0.479417859,0.928254751,-0.524996286,-0.360701773,0.442648942,-1.136266284,0.406815571,-0.263681587,0.322919949,1.414863969
MESO_018_T,MESOMICS,-1.705342551,1.39101688,-1.98058884,-0.391295096,0.94818688,-1.622201047,-0.581191948,0.599990867,-0.282018019,1.833953888
MESO_019_T,MESOMICS,1.101416063,-4.193827704,-1.262898673,1.69549735,1.732694135,0.067597335,-0.643851937,1.348199571,1.714980885,1.094192134
MESO_020_T,MESOMICS,-0.44860475,1.464178247,0.790679101,0.847233434,-0.338606503,-0.316518191,0.062216726,2.571922485,0.484695826,0.158235672
MESO_021_T,MESOMICS,-0.175997764,0.669063767,-0.709288014,-0.993165024,0.509784207,-0.607419782,0.183761445,-0.315636117,0.335702294,1.504703871
MESO_022_T,MESOMICS,-0.813542202,1.176818611,0.614227878,1.511635467,-0.527139041,-0.154040046,-0.380789485,-0.001281266,0.123587063,0.188076051
MESO_023_T,MESOMICS,-0.319290576,-0.741254583,1.882938994,-0.938572544,-0.162639086,-0.303010524,0.017408282,-0.399071525,-0.014699973,0.075618693
MESO_024_T,MESOMICS,1.940986217,-1.793439171,0.955209995,-0.350517364,0.253727477,-1.402430236,-0.425116386,-0.189779279,-0.731840317,-0.073852132
MESO_025_T,MESOMICS,-1.549160612,0.012872989,-1.050182251,1.125829006,0.914650199,-0.625445185,-0.168214046,0.327105942,-0.334123487,1.042336188
MESO_026_T,MESOMICS,-0.103215104,2.354549224,0.086951267,-0.644990047,-0.570892275,-0.375259478,-0.063626775,1.297160457,0.560844172,0.028672738
MESO_027_T,MESOMICS,-0.947299311,0.658647951,-0.713053036,0.201434726,-0.20890415,-0.695192575,-0.157139165,3.755276907,-0.201155621,-0.064905283
MESO_028_T,MESOMICS,-1.265597787,2.515522583,-0.357677482,0.675602529,-0.605465773,-0.068609609,-0.871503201,0.220483737,-0.122566523,0.120219324
MESO_029_T,MESOMICS,0.112264216,0.585501702,-0.835652843,0.5207429,-0.420872879,0.034262023,0.505877091,-0.63873059,0.603464733,0.113776904
MESO_030_T,MESOMICS,-0.557586869,-1.126059837,3.476616378,-1.404527375,-0.517494656,-0.291325818,0.193106285,-0.313953769,-0.209765785,-0.433150298
MESO_031_T,MESOMICS,-0.575266994,0.160220081,-0.126302984,0.06006128,0.737937151,-0.197277656,0.440455978,-0.336854765,0.216587692,1.464584621
MESO_032_T,MESOMICS,-0.634057668,-0.493575775,0.70107809,0.770305686,-0.65088252,0.827132245,-0.125774109,-0.356709919,0.295789095,0.252376516
MESO_033_T,MESOMICS,-0.467174999,0.668704839,2.400271696,-0.243067449,-0.720958799,-0.228296122,0.102935695,-0.323403225,0.338204463,0.120531783
MESO_034_T,MESOMICS,-0.681420029,0.872884838,1.786681348,0.406094621,-0.687980273,-0.279481271,-0.156116333,-0.084234364,0.151383929,0.137149009
MESO_035_T,MESOMICS,-0.648750767,-0.121101878,0.932133467,1.568566358,0.237546358,-0.463272564,-0.1475495,-0.121682779,0.003403394,0.46378755
MESO_036_T,MESOMICS,-1.060422851,0.388667078,1.437649011,1.732432101,0.315666196,0.321562232,0.331835956,-0.71157896,0.804259703,-0.140667749
MESO_037_T,MESOMICS,-0.236640086,-1.406131467,-1.408457666,-2.395965389,0.526172356,-0.898859431,-0.124355419,-0.427731256,-1.148520405,0.590060662
MESO_038_T,MESOMICS,-0.943766515,0.031350606,-0.010422542,-0.189378471,0.080325495,1.854128728,0.325983092,-0.572409346,0.582796316,-0.737611481
MESO_039_T,MESOMICS,-0.411674141,-0.080032728,1.661862745,-0.275487721,-0.623468928,0.744885552,0.097011973,-0.506848586,0.510660195,0.107297038
MESO_040_T,MESOMICS,-0.496524842,0.276237624,-0.346061481,-0.306154084,0.994885685,-0.375083331,0.206495696,-0.389070572,-1.407938711,-0.09387414
MESO_041_T1,MESOMICS,-0.798719557,0.054185113,1.084498966,0.638956332,-0.077466706,-0.222596948,-0.085101946,-0.0839751,-0.293166548,0.620002204
MESO_042_T1,MESOMICS,-0.173389119,1.162111461,1.610181644,0.679165927,-0.566630557,-0.692000452,0.094840515,0.585034108,0.508643505,0.17365607
MESO_043_T,MESOMICS,-0.44039597,2.142841422,1.041428392,-1.250974944,-0.805471774,-0.046370738,-0.07765747,-0.306845376,0.432918324,0.032440844
MESO_044_T,MESOMICS,-0.321860368,-1.258263862,0.380703561,-0.328382549,-0.726327012,-0.024715328,-0.041258461,-0.386403593,0.213110919,0.029183024
MESO_045_T,MESOMICS,-0.495234011,0.015074806,3.438067452,-1.70462836,-0.728610268,0.034523142,0.069126687,0.102741693,0.338508607,0.017657858
MESO_046_T,MESOMICS,-1.245652687,0.433570048,-2.313266141,1.009623832,0.794963965,0.368362911,-0.788052697,0.084678728,-0.189724066,-1.654606119
MESO_047_T,MESOMICS,-0.441616221,-0.767402429,1.018769419,-0.925489229,-0.797585054,-0.447395929,-0.045304988,-0.274722642,0.279107943,0.013484228
MESO_048_T1,MESOMICS,-0.621379603,-0.116656021,-1.171978213,0.089881853,0.82090716,-0.828602584,0.701601026,-0.266715997,0.154046541,-0.875059856
MESO_049_T,MESOMICS,-0.673506889,1.762694784,0.174742897,0.213666686,-0.038287795,-0.734605565,-0.229595419,0.110438838,0.169406544,-0.068268925
MESO_050_T,MESOMICS,-0.364528332,-1.069410339,2.816796489,-0.002620174,-0.694798573,0.170180364,0.098170801,-0.294005691,0.300754718,0.113441474
MESO_051_T,MESOMICS,-0.815131564,0.231957761,-0.379064599,-0.377325169,-0.22728405,0.643337837,-0.162721623,-0.248240381,0.24757365,-0.879899899
MESO_052_T2,MESOMICS,-0.691663788,1.673808028,0.037138809,1.396514555,-0.538347248,0.780369691,-0.389431393,-0.274790071,0.514828552,0.18101215
MESO_053_T,MESOMICS,-0.622498467,1.483713609,-1.247279507,0.485912722,1.206570025,0.548750012,0.356422798,-0.284994736,1.266271124,-0.581114755
MESO_054_T,MESOMICS,-0.49771395,1.52053027,1.551385414,0.566241637,-0.016490918,-0.414358444,-0.070225596,-0.256465588,0.202541831,-1.156199876
MESO_055_T,MESOMICS,-0.361421104,-1.392427597,1.275602126,-1.667460082,-0.832426697,0.470720827,0.008242036,-0.472321299,0.400357074,0.011728754
MESO_056_T2,MESOMICS,-0.727576551,1.239081365,-1.309338132,1.286268281,-0.039911774,1.029958471,-0.191618399,-0.378207746,0.25818464,-0.915161195
MESO_057_T2,MESOMICS,-1.517725448,1.589577969,-1.434783174,-0.781461286,2.191385942,-1.433260979,-0.085679187,0.388199096,-0.500568716,-0.564250803
MESO_058_T2,MESOMICS,-0.274798931,-0.349238702,1.536451582,-0.947579669,-0.650263355,0.576304378,0.051870354,-0.327434766,0.454151096,0.304236424
MESO_059_T1,MESOMICS,-0.279197993,1.140506987,1.401588965,-0.992474133,-0.824975082,0.94113715,-0.215037015,-0.435303297,0.487016321,0.090560217
MESO_060_T,MESOMICS,-0.623226711,3.941412499,-0.799762617,-0.412326513,-0.711407848,-0.777883122,0.02876541,-0.168171904,0.205846422,0.053594671
MESO_061_T,MESOMICS,-0.718809869,-2.636865826,3.640940616,-0.251035566,-0.436556879,-0.832675521,-0.313493337,-0.017976573,-0.018635898,0.302816333
MESO_062_T2,MESOMICS,-0.432058166,1.526423377,1.652752782,-0.139116977,-0.660034069,0.109611464,-0.024858104,0.537317902,0.442535119,0.150965336
MESO_063_T,MESOMICS,1.665180797,0.728473081,1.158186942,1.400844205,-0.836511219,0.482982267,0.662027311,-0.938976289,0.637027794,0.103280161
MESO_064_T,MESOMICS,-1.008959143,0.323662072,-1.367170413,0.813909347,0.92866836,0.814823298,0.256383967,-0.188557327,0.065406768,-0.974204922
MESO_065_T,MESOMICS,-0.452552867,1.770658204,0.751459517,-0.140624884,-0.746891567,-0.524674334,0.019405333,-0.230134555,0.366672513,0.111115614
MESO_066_T,MESOMICS,-0.399382954,0.012930037,0.886793092,0.139318734,-0.667423885,0.901787584,-0.100749365,-0.504189754,0.498210595,0.274356888
MESO_067_T,MESOMICS,-0.304530836,0.611416379,0.127017627,-0.302148607,-0.595936095,0.029573339,-0.249877188,-0.362043037,0.383297198,-0.282930081
MESO_068_T,MESOMICS,-0.80898178,0.650105912,1.241630041,0.148331681,-0.220663725,-0.330690343,-0.259202393,-0.140459565,0.129526053,-0.911396602
MESO_069_T,MESOMICS,-0.137129982,1.400660307,0.608224152,-0.250408471,-0.74214269,-0.458787225,-0.400877073,-0.284578524,-0.661759063,0.037465219
MESO_070_T,MESOMICS,-0.868986732,-1.547391899,1.735605464,-0.049867717,-0.615920233,0.062595409,-0.122761031,-0.101508156,0.231519805,0.087122854
MESO_071_T,MESOMICS,-2.189103806,3.084168128,-0.694688803,6.181831479,1.249689707,4.668989365,0.680485552,-0.458572047,-2.868748498,-1.701030354
MESO_072_T,MESOMICS,-0.504461167,-1.251841756,-1.629713904,-0.378599839,-0.772085517,-0.154036566,-0.097649662,-0.301844184,0.303801073,0.072317935
MESO_073_T,MESOMICS,-0.314160323,0.718945709,0.231651655,-2.023949303,1.757939406,0.055243995,0.567036302,-0.378923999,-2.146046012,-0.397701729
MESO_074_T,MESOMICS,-0.882772301,0.067290837,-1.830344192,-1.41166559,1.091249859,-0.414148602,0.014530977,-2.023333923,-1.319918583,-0.334137488
MESO_075_T,MESOMICS,3.422655933,0.234544156,-0.056860905,-2.846498946,-0.932522449,1.17101875,0.166731722,-0.622542213,0.681449676,-0.084361492
MESO_076_T,MESOMICS,-0.307733742,0.377327555,0.019619996,-1.393020604,-0.842930036,0.663601091,-0.163032203,-0.504262712,0.45880739,0.025941207
MESO_077_T,MESOMICS,2.870586839,0.606241169,-1.444506452,-1.592282972,-0.733394216,-0.478376602,0.870457811,-0.500248261,-1.130728808,0.038312073
MESO_078_T,MESOMICS,-1.368357176,0.481643898,-1.565497347,-0.0775206,1.471131089,-0.246903204,-0.393187768,0.217256328,-0.984765388,-0.271977764
MESO_079_T,MESOMICS,-0.493887167,-1.142718386,3.534355543,-1.799694934,-0.519115159,-0.278179029,0.305307659,-0.348190492,0.029152764,0.157462814
MESO_080_T,MESOMICS,-1.226716407,0.5936216,-0.990278889,-1.131839788,1.370830466,-0.418259966,-0.434089058,0.176528709,-0.67318291,-0.306337472
MESO_081_T,MESOMICS,-0.78489349,0.772253526,1.153560208,-1.127364292,0.448650509,-0.71673971,0.389952566,-0.146617941,0.153467555,0.592740647
MESO_082_T,MESOMICS,-0.885861315,-1.924348183,-0.84336876,0.414550641,0.040414624,0.361847062,0.174678549,-0.50055902,0.443399036,0.309465189
MESO_083_T,MESOMICS,7.098432642,1.496176157,-1.185408817,2.39151421,1.409603722,-0.914771123,4.419748187,-3.692059801,0.913044935,0.150295443
MESO_084_T,MESOMICS,-0.574305684,1.366233783,0.48104486,-0.670048338,-0.72545753,0.141471359,-0.320551734,-0.246779273,0.273446555,0.055577693
MESO_085_T,MESOMICS,3.276667284,3.795960239,-0.82269976,-0.162841192,-0.089967826,-1.13271434,0.508241976,2.37900211,2.445751616,-0.19360164
MESO_086_T,MESOMICS,-0.671724492,1.378815342,1.455118883,0.273303086,0.058273494,-0.299940426,-0.237141558,-0.182401199,0.163091601,1.07160633
MESO_087_T,MESOMICS,-0.669691011,0.796485271,0.242236074,1.455079425,-0.592207768,1.034497129,-0.21772466,-0.41860541,-0.502882872,0.280660897
MESO_088_T,MESOMICS,-1.780615961,0.684956051,-0.999552574,-0.118145089,2.006513742,-1.472306,-0.177576284,0.585228835,-0.606420009,-0.522735981
MESO_089_T,MESOMICS,0.126299415,3.199378801,0.232241488,-0.861651371,-0.702408249,-0.783891078,-0.429032528,-0.284895157,0.343122605,-0.072574653
MESO_090_T,MESOMICS,-0.275583763,-0.317509248,2.198432794,-1.527112956,-0.832924491,0.730199137,-0.158828861,-0.477511585,0.409474165,0.016129189
MESO_091_T,MESOMICS,-0.607247654,0.037794307,-0.692517241,-2.13043953,0.421589983,-0.81602156,0.264070137,-0.212063934,0.765815597,1.366735218
MESO_092_T,MESOMICS,5.350771422,3.085998492,-1.255942442,2.112204046,-0.791359259,1.594185567,0.205491375,-1.636491258,-1.125695841,-2.684810876
MESO_093_T,MESOMICS,0.097151231,0.269380072,0.288914531,-1.443446159,-0.116263298,-0.960657093,-0.015277965,-0.479095423,0.284708916,-1.312655397
MESO_094_T1,MESOMICS,-0.469958855,-1.949937324,2.688194834,1.096643432,-0.428942231,-0.17706441,0.180996995,-0.368027662,0.41115523,0.147159833
MESO_095_T,MESOMICS,-0.512178966,-1.123941647,0.136837264,0.634141069,0.31416824,0.599523458,0.18364993,-0.417758286,0.590338986,0.178551733
MESO_097_T,MESOMICS,-0.575769158,-3.750225855,-2.688339668,-0.229159885,-0.526038344,0.478404348,-0.222058588,-0.321386102,0.473461646,-0.128934314
MESO_098_T,MESOMICS,3.40022574,-3.897508751,-1.216835215,0.154588415,-1.236042485,-3.450457742,-0.145536746,4.392743768,-1.242148397,-1.557833543
MESO_099_T,MESOMICS,-0.231045399,-2.343505677,1.2909155,1.844664879,-0.460484612,0.083483267,0.250520892,-0.523068755,0.390580268,0.244587496
MESO_100_T,MESOMICS,4.447114746,-2.616541997,-1.685720304,1.933261365,-0.368725019,0.665596023,1.403565102,2.930968029,0.709426685,-2.031984253
MESO_101_T,MESOMICS,-0.662299155,-3.213116644,-0.944202206,-0.454429951,1.066995505,0.60044076,0.401859233,-0.394083968,1.152938807,1.238927097
MESO_102_T,MESOMICS,8.615727717,-0.601206374,-0.782966614,-0.676285986,2.202129604,6.050615605,-6.570872563,1.23437673,0.419419895,-0.795161663
MESO_103_T,MESOMICS,1.759715587,-0.461823152,1.382559717,-1.020895567,-1.241768855,1.1568113,-0.695647498,-0.228371573,0.072207799,-0.071478521
MESO_104_T,MESOMICS,4.594114165,-2.600694553,-1.246440779,2.200921807,0.097222305,-1.243260009,1.387248344,0.650562536,-2.065744952,2.801090602
MESO_105_T,MESOMICS,-0.345630912,-2.284850136,-2.497172693,1.968077567,0.351839085,-0.097088998,0.373636099,-0.564941875,1.593868273,-0.985381119
MESO_106_T,MESOMICS,-0.452854103,-2.2351702,3.413516002,-0.743056558,-0.76001796,0.303614976,0.066130406,-0.38474013,0.325292732,0.111704437
MESO_107_T,MESOMICS,1.812716466,-3.271041037,0.000422138,1.76153308,-0.662878379,-1.341955939,0.044219355,0.052344999,0.259861978,0.236645284
MESO_108_T,MESOMICS,-4.405052021,-4.330780317,-0.593692038,-1.35062654,2.056797992,-0.131319993,-0.484641904,0.774185056,0.413612714,-0.563791007
MESO_109_T,MESOMICS,0.156322384,-2.833396132,-1.316645157,0.17133044,-0.439771617,-0.481399864,0.037799062,0.758478466,0.98278303,0.049072362
MESO_110_T,MESOMICS,-0.049776324,-2.589348794,-1.808926986,-0.702583552,-0.844831795,-0.239476383,-0.063867005,-0.54865013,-2.593236284,0.04723636
MESO_111_T,MESOMICS,-0.644979602,0.814315187,-2.511835217,-0.957309202,0.738258428,7.933899389,2.775556057,4.597977994,-4.115882968,0.388397967
MESO_112_T,MESOMICS,2.902579221,-2.947415452,-2.068168825,4.56181633,-1.400255902,-1.059131816,-1.150659585,2.438667212,-1.097081868,1.181455554
MESO_113_T,MESOMICS,-0.586217601,-2.693513825,0.024143099,-0.820087375,0.1413127,0.311494747,0.061891498,-0.37314481,0.314934765,1.156353706
MESO_114_T,MESOMICS,-0.772500752,-2.458199982,0.204186349,-0.013667618,-0.247480396,0.465817232,0.2539157,-0.522301378,1.262606846,0.48946967
MESO_115_T,MESOMICS,-1.928080116,0.930498247,-0.390813666,0.5949071,-0.828363819,0.975023484,-0.596863014,-0.835144578,0.183344677,-0.507415973
MESO_116_T,MESOMICS,-0.613349235,0.56221831,0.232703859,0.938639621,-0.127463791,0.710498987,-0.508301815,-0.368305045,0.247591739,-0.462091084
MESO_117_T,MESOMICS,-0.35536653,-1.737241875,-0.107614481,1.433723837,-0.691764043,0.282190689,-0.180541949,-0.408517829,0.325596107,0.284933924
MESO_118_T,MESOMICS,-0.673810908,-0.422559745,-2.177994348,0.107999525,-0.425529901,0.12456455,-0.26274321,-0.671093554,0.198841164,-0.404056771
MESO_119_T,MESOMICS,-0.945634493,0.931866249,0.009322957,1.316974084,-0.467413305,0.999305364,-0.489925268,-0.402425104,0.07319317,-0.028117571
MESO_120_T,MESOMICS,-0.663907152,-0.277035986,0.398175236,0.432051624,-0.273921031,0.680598463,-0.323239847,-0.342718126,0.282680894,-0.554033472
MESO_121_T,MESOMICS,-1.149038391,0.565685929,-0.65821835,1.670529722,1.182132449,-0.263435296,-0.305542739,0.299041704,-0.432357621,-0.053363271
MESO_122_T,MESOMICS,-0.386035253,-0.725981198,0.876551298,0.205676658,-0.340028183,0.122666956,0.240549399,-0.472709278,0.599919909,0.539324324
MESO_123_T,MESOMICS,-0.786898446,0.864118915,-1.069594293,1.066185082,0.308751933,-0.176845452,-0.129121459,-0.135749807,0.115652615,-1.235542588
MESO_124_T,MESOMICS,-0.427062571,-0.478497011,0.573169026,-0.385606377,-0.619053866,0.60597953,-0.006224368,-0.492181783,0.329560294,0.01328652
